{"cameraMode":{"drawMode":0,"name":"Shaded","section":"Shading Mode"},"sceneLighting":false,"audioPlay":false,"sceneViewState":{"m_AlwaysRefresh":false,"showFog":true,"showSkybox":false,"showFlares":true,"showImageEffects":true,"showParticleSystems":true,"showVisualEffectGraphs":true,"m_FxEnabled":true},"in2DMode":false,"pivot":{"x":-1.7799043655395508,"y":0.9428519010543823,"z":0.6928880214691162},"rotation":{"x":-0.040217041969299319,"y":0.9353786110877991,"z":-0.11308123171329498,"w":-0.33266744017601015},"size":1.4245918989181519,"orthographic":false}