{"cameraMode":{"drawMode":0,"name":"Shaded","section":"Shading Mode"},"sceneLighting":false,"audioPlay":false,"sceneViewState":{"m_AlwaysRefresh":false,"showFog":true,"showSkybox":false,"showFlares":true,"showImageEffects":true,"showParticleSystems":true,"showVisualEffectGraphs":true,"m_FxEnabled":true},"in2DMode":false,"pivot":{"x":-0.05837060511112213,"y":0.5504617691040039,"z":0.03969472646713257},"rotation":{"x":-0.09145642817020416,"y":0.30752694606781008,"z":-0.02970987744629383,"w":-0.9466712474822998},"size":0.8278390765190125,"orthographic":false}